,actual prediction
0,7770953.341568862
1,7863922.533618484
2,7975530.860502152
3,8075704.921152432
4,8151107.53622803
5,8215226.41300947
6,8290848.7146877935
7,8386759.833587268
8,8491852.310073838
9,8589007.019377185
10,8672441.826573761
11,8751367.833980696
12,8838631.191199698
13,8937868.804748561
14,9041636.818756651
15,9140363.199462868
16,9231849.63290104
17,9322142.013223743
18,9418365.898426456
19,9521766.630669894
20,9627534.036438176
21,9730414.174416702
22,9829807.11641989
23,9929564.717848519
24,10033570.91493451
25,10142047.309121441
26,10251974.303741775
27,10360525.940867107
28,10467744.556363184
29,10576026.322918333
30,10687448.890069528
31,10801857.305064535
32,10917401.368018357
33,11032597.526342724
34,11147693.572625328
35,11264151.418689862
36,11383060.076133916
37,11504173.033621421
38,11626382.18494956
39,11748931.990526285
40,11872093.380897487
41,11996744.268710375
42,12123443.070666164
43,12251963.894207986
44,12381657.480712403
45,12512155.503014723
46,12643687.920627126
47,12776775.796621025
48,12911699.418699704
49,13048286.102940205
50,13186165.371207139
51,13325169.921267765
52,13465475.400614345
53,13607389.517203147
54,13751051.061613219
55,13896341.055060092
56,14043055.063408654
57,14191128.020190034
58,14340687.287702993
59,14491915.352517162
60,14644881.25524843
61,14799510.738818958
62,14955696.918547349
63,15113423.796341607
64,15272783.253955398
65,15433884.924529867
66,15596766.264579682
67,15761385.16953915
68,15927691.72090492
69,16095693.343834935
70,16265456.43663011
71,16437049.98189194
72,16610497.948862622
73,16785781.55471367
74,16962882.96456078
75,17141820.345222384
76,17322643.561096463
77,17505399.25210033
78,17690106.73937677
79,17876763.338739287
80,18065369.386710055
81,18255947.950684782
82,18448538.292987682
83,18643176.019133087
84,18839879.66718497
85,19038656.826263733
86,19239519.32920108
87,19442491.842876837
88,19647607.83122874
89,19854897.10078624
90,20064379.766663797
91,20276070.386748083
92,20489987.49669681
93,20706156.717925567
94,20924608.615349684
95,21145370.698597282
96,21368465.105823066
97,21593911.54491169
98,21821732.175934624
99,22051954.160738036
100,22284606.798844084
101,22519716.897550054
102,22757309.079904642
103,22997406.80665035
104,23240035.0936353
105,23485222.229197096
106,23732997.088634074
107,23983387.95233037
108,24236421.24843733
109,24492123.15637269
110,24750521.315260638
111,25011645.39064863
112,25275524.894640554
113,25542189.674616847
114,25811668.11046028
115,26083988.849216826
116,26359182.12518984
117,26637278.49974617
118,26918309.403305236
119,27202305.535264432
